customer_id,name,email,signup_date,region
CUST1000,Patrick Kemp,wfrederick@gmail.com,2024-12-01,East
CUST1001,Leslie Richmond,webbcatherine@long-martin.com,2023-11-27,West
CUST1002,Johnny Kaufman DDS,michelle28@sanchez.com,2025-05-02,North
CUST1003,Paula Hughes,amandalindsey@kennedy.biz,2024-11-25,East
CUST1004,Dylan Terrell,nicole33@yahoo.com,2024-06-02,East
CUST1005,Leslie Houston,ahayden@gmail.com,2023-10-21,West
CUST1006,Brian Moody,millerstephen@yahoo.com,2024-01-03,North
CUST1007,Thomas Marsh,tonygreen@gonzalez-lopez.com,2024-05-07,North
CUST1008,Daniel Smith,ypowell@hotmail.com,2024-08-12,East
CUST1009,April Duncan,sylvia82@stewart.biz,2025-04-10,South
CUST1010,David Davis,robertwalton@rodriguez-gill.com,2025-06-06,East
CUST1011,Bethany Osborne,alexander92@hotmail.com,2024-09-01,East
CUST1012,Marcus Reed PhD,camposmonica@hotmail.com,2023-11-30,East
CUST1013,Jason Kelly,gfarley@gmail.com,2025-01-30,East
CUST1014,Stephanie Meza,rebeccafranklin@hotmail.com,2024-01-08,West
CUST1015,Christopher Hopkins,rwillis@welch-yang.com,2024-02-06,North
CUST1016,Christina Braun,travisjackson@landry.org,2023-09-21,West
CUST1017,Jacob Macdonald,hstevens@williams.info,2024-10-18,West
CUST1018,Angela Sanchez,ublair@gmail.com,2023-12-26,West
CUST1019,Antonio Smith,johnlivingston@yahoo.com,2025-03-22,East
CUST1020,Matthew Campos,margaret47@reed-middleton.com,2025-01-26,South
CUST1021,Rhonda Powell,qsmith@shaw.com,2024-11-07,North
CUST1022,Melissa Bolton,elizabeth21@yahoo.com,2024-11-05,South
CUST1023,Leah Hall,moorelonnie@hotmail.com,2025-04-27,West
CUST1024,Christina Stevenson,vanessa04@gmail.com,2024-09-20,West
CUST1025,Ryan Solis,lclark@yahoo.com,2024-09-08,South
CUST1026,Russell Rogers,jamie70@rogers.info,2025-03-07,South
CUST1027,Danielle Baker,ian21@yahoo.com,2025-03-23,South
CUST1028,John Hall,ghunt@hotmail.com,2024-06-14,West
CUST1029,Karina Johnson,dowen@hotmail.com,2023-11-08,West
CUST1030,Michael Spencer,deborahgarza@gmail.com,2023-12-05,North
CUST1031,Philip Lee,cynthiaharris@hotmail.com,2025-02-16,North
CUST1032,Susan Ford,emily12@gmail.com,2023-08-17,West
CUST1033,Aaron Payne,williamsmith@gmail.com,2023-08-23,South
CUST1034,Joshua Hawkins,crojas@kim.com,2025-04-07,South
CUST1035,Hayden Hobbs,gregoryryan@yahoo.com,2025-03-03,North
CUST1036,Brandon Martinez,gbrown@leonard-russell.org,2025-04-20,West
CUST1037,Mark Howard,sotodavid@gmail.com,2023-07-12,North
CUST1038,Stephen Kennedy,swatson@wheeler.com,2025-06-27,North
CUST1039,Lisa Osborn,nicolesparks@hotmail.com,2024-10-02,East
CUST1040,Breanna Johnson,hgalloway@gmail.com,2025-04-13,East
CUST1041,William Villarreal,yesenia30@yahoo.com,2023-08-20,East
CUST1042,Elizabeth Ritter DVM,johnmyers@hotmail.com,2025-06-15,South
CUST1043,Laura Jarvis,nicole85@yahoo.com,2024-09-27,West
CUST1044,Timothy Bell,jasonbush@gmail.com,2024-03-15,West
CUST1045,Jenna Bryant,skelly@gmail.com,2025-03-10,West
CUST1046,Carolyn Patterson,michelle76@martinez.com,2025-04-03,West
CUST1047,Adam Berg,jason95@vargas.com,2025-01-26,East
CUST1048,Christina Flynn,alexissuarez@tucker-anderson.com,2024-06-14,South
CUST1049,Jonathan Harris,tonithomas@russell.com,2023-07-10,South
CUST1050,Sandra Mason,deleonshannon@gardner.com,2023-11-11,East
CUST1051,Ashley Mcdonald,mglenn@stark.com,2024-10-11,South
CUST1052,Edward Eaton,stevenkirk@gmail.com,2023-08-31,East
CUST1053,Paul Sanders,beth23@yahoo.com,2024-01-24,West
CUST1054,Scott Hamilton,donna34@parker.net,2025-06-06,East
CUST1055,George Watson,jefferyjones@wilson-hernandez.com,2025-02-01,West
CUST1056,Jared Ellison,shannon37@wilcox.biz,2024-07-14,West
CUST1057,Michael Taylor,qbailey@moore.info,2023-08-15,North
CUST1058,Julian Tucker,rhonda53@gmail.com,2024-08-06,East
CUST1059,Cynthia Lewis,timothycarpenter@hotmail.com,2025-06-22,North
CUST1060,Brenda Robinson,ithompson@hotmail.com,2024-07-21,East
CUST1061,Darlene Gibson,ryanschwartz@bradshaw-livingston.biz,2025-02-03,East
CUST1062,Monica Little,duncanjames@robertson.com,2024-04-11,North
CUST1063,Peggy Miller,chadmendoza@gmail.com,2025-06-07,North
CUST1064,William Nelson,taylor70@hotmail.com,2024-09-02,East
CUST1065,Christina Doyle,tperez@nelson.com,2024-10-09,South
CUST1066,Ann Snow,anneramos@gmail.com,2024-03-17,West
CUST1067,Rhonda Johnson,daniel68@yahoo.com,2023-11-17,North
CUST1068,Loretta Nash,qcole@hotmail.com,2025-02-10,West
CUST1069,Blake Vaughn,rnielsen@alvarez-mcintosh.com,2024-06-03,South
CUST1070,Ms. Tamara Cameron,tinaturner@yahoo.com,2023-10-28,South
CUST1071,Amy Campbell,pachecostephanie@gmail.com,2025-03-01,South
CUST1072,Christopher Sanchez,wnichols@fuentes.com,2024-04-03,North
CUST1073,Denise Williams,joseph74@gmail.com,2023-12-29,South
CUST1074,Jonathan Cox,psimpson@hotmail.com,2024-01-27,North
CUST1075,Michael Daniels,dawsonamanda@poole-garner.com,2025-05-18,South
CUST1076,Christopher Rogers PhD,johnnavarro@gmail.com,2025-05-08,West
CUST1077,Douglas Ruiz,colejoseph@gmail.com,2024-01-19,West
CUST1078,Alexandra Payne,monica58@hotmail.com,2023-12-25,East
CUST1079,Candace White,patricia34@mcdaniel.com,2025-03-20,West
CUST1080,Jerry Gaines,jose87@castillo.com,2025-03-13,East
CUST1081,Steven Evans,qthomas@gmail.com,2025-06-22,West
CUST1082,Susan Rivera,rebecca92@herring-stewart.info,2024-05-17,North
CUST1083,Vanessa Hill,romerojennifer@price.com,2023-07-14,West
CUST1084,Richard Richards,bernard41@moore.org,2023-08-29,East
CUST1085,Taylor Wells,morrisshaun@hotmail.com,2024-05-04,East
CUST1086,Brent Obrien,rholmes@gmail.com,2025-01-24,South
CUST1087,Laura Alvarez,tinaespinoza@hotmail.com,2025-04-12,North
CUST1088,Marissa Koch,samantha79@montgomery.com,2024-09-06,West
CUST1089,Evan Johnson,phillip72@yahoo.com,2023-11-05,South
CUST1090,Gary Downs,harringtonkevin@yahoo.com,2024-04-23,West
CUST1091,Eric Torres,joseph96@williamson.com,2024-04-09,West
CUST1092,Paul Reid,juanryan@hotmail.com,2024-06-10,South
CUST1093,Daniel Dominguez,barbaralambert@yahoo.com,2025-02-05,South
CUST1094,Robert Owens,craigpamela@bates.org,2025-04-19,South
CUST1095,Melody Salas,hmorgan@gmail.com,2023-08-19,South
CUST1096,Austin Gordon,jamie31@miller.com,2024-11-28,South
CUST1097,Julia Long,elizabethlong@yahoo.com,2024-01-16,West
CUST1098,Rebecca Alexander,kennethford@gmail.com,2024-09-15,South
CUST1099,Mathew Kim,qgrant@villarreal-may.com,2025-03-01,North
CUST1100,David Fuller,tfreeman@shea.com,2023-07-28,East
CUST1101,Melissa Rodriguez,jensennathan@yahoo.com,2024-01-15,South
CUST1102,Andrea Jackson,sara84@gmail.com,2024-09-16,South
CUST1103,Michelle Rose,john28@hotmail.com,2024-02-12,West
CUST1104,Darren Frazier,roy78@adams.com,2025-03-17,South
CUST1105,Victor Boyd,xpatrick@spencer.info,2024-04-25,South
CUST1106,Debra Cummings,bfields@yahoo.com,2024-03-01,South
CUST1107,Misty Walker,danielle10@williams.net,2023-10-11,West
CUST1108,Brandi Wilson,douglas55@garcia-lambert.com,2024-07-20,South
CUST1109,Aaron Mckinney,mccoychristopher@hotmail.com,2024-07-07,East
CUST1110,Steve Thomas,fallen@hotmail.com,2023-11-01,West
CUST1111,Sheri Jackson,nunezfelicia@williams.info,2024-05-08,East
CUST1112,Matthew Rojas,ldaugherty@adams.info,2024-11-28,West
CUST1113,Cassandra Harrison,shahlinda@martin.com,2024-08-31,South
CUST1114,Patricia Rodriguez,angelabaker@lee.com,2024-06-17,East
CUST1115,Stuart Richmond,kelsey68@gmail.com,2023-07-21,West
CUST1116,Kelly Hines,esilva@vance.com,2023-09-17,North
CUST1117,Oscar Smith,ybrown@cox-bishop.com,2024-11-29,South
CUST1118,Mary Thomas,nicole78@gmail.com,2023-07-25,West
CUST1119,Adam Clark,kenneth51@wagner-james.biz,2024-06-18,North
CUST1120,James Becker PhD,miguel19@jimenez-pham.com,2024-01-20,West
CUST1121,Bobby Porter,hartryan@davila.net,2025-06-25,North
CUST1122,Jonathan Lynch,anthonyarmstrong@nelson.com,2024-03-02,South
CUST1123,Shannon Soto,fyoung@ferguson.info,2023-09-08,East
CUST1124,Tiffany West,abbottjulie@yahoo.com,2025-06-07,North
CUST1125,Joshua Cruz,fsellers@reyes.com,2024-08-10,West
CUST1126,Antonio Koch,garnerrebecca@horton-matthews.net,2024-10-15,South
CUST1127,Christopher Sullivan,johnsongina@little-olson.biz,2025-03-05,North
CUST1128,Thomas Wright,katelynsanchez@hotmail.com,2025-06-17,West
CUST1129,John Mitchell,mannjonathan@peterson.com,2023-10-26,West
CUST1130,John Morgan,hayesjon@jennings.org,2024-08-17,West
CUST1131,Justin Ramos,francomeghan@davis.com,2024-10-01,North
CUST1132,George Lucas,edwin13@yahoo.com,2025-02-25,North
CUST1133,Theresa Kennedy,xallen@brown-harper.net,2025-02-15,North
CUST1134,Timothy Gonzalez,palmeranthony@jones.com,2023-12-17,East
CUST1135,Pamela Brown,christopherdavis@roberson.com,2024-11-07,North
CUST1136,Eric Grant,gordonkelly@yahoo.com,2025-06-19,North
CUST1137,Michael Obrien,debra31@gmail.com,2023-11-09,North
CUST1138,Mr. James Vasquez,ryan32@snyder-brown.info,2023-12-11,East
CUST1139,Jake Harrison,hcummings@martinez-davis.com,2025-01-06,North
CUST1140,Jonathan Mclean,stephenhudson@swanson.com,2023-11-23,West
CUST1141,John Turner,wilsonjennifer@simmons.com,2023-09-27,North
CUST1142,Jeff Davis,schneidermaxwell@gmail.com,2025-02-26,West
CUST1143,Kevin Sandoval,lcobb@hotmail.com,2024-04-03,West
CUST1144,Joshua Rice,kennethfuller@gmail.com,2023-10-06,West
CUST1145,Heidi Garcia,erin79@yahoo.com,2025-05-21,East
CUST1146,Michael Todd,peckruth@yahoo.com,2025-05-19,East
CUST1147,Mr. Victor Farmer,teresamiller@hotmail.com,2025-02-12,East
CUST1148,Kimberly Myers,michaelcampbell@yahoo.com,2024-03-22,North
CUST1149,Summer Nelson,brandy06@stone.info,2023-08-04,West
CUST1150,Adam Walker,parkerdiane@yahoo.com,2023-12-11,East
CUST1151,Ashley Davis,josephellis@hudson.biz,2023-07-29,East
CUST1152,Samantha Hill,hsutton@mckay-barnes.com,2023-11-14,North
CUST1153,Stephanie Nelson,edavis@yahoo.com,2023-07-13,East
CUST1154,Terry Garcia,yhoffman@pineda-jackson.com,2023-07-17,North
CUST1155,Jacqueline Gonzalez,reynoldsryan@clark.com,2024-05-24,South
CUST1156,Sharon Ayala,virginia28@yahoo.com,2025-07-05,East
CUST1157,Brandi Garcia,brett17@powell.com,2025-03-23,South
CUST1158,Amy Ross,raymondharris@jefferson.com,2025-05-06,North
CUST1159,Andrew Miller,armstrongmichelle@sims-wilson.net,2025-05-19,West
CUST1160,Nicholas Davis,joseph99@hudson.com,2024-11-23,East
CUST1161,Brian Willis,jessica96@barker.com,2024-10-05,North
CUST1162,Alexis Odom,juliejohnson@gmail.com,2025-07-02,West
CUST1163,Jeffery Williams,nicole59@hotmail.com,2024-07-14,West
CUST1164,Larry Moore,jorgehays@cooper.com,2024-01-24,South
CUST1165,Heather Campbell,millerriley@rubio-bradley.com,2025-06-07,North
CUST1166,Angela Diaz,jamesschultz@fischer.com,2024-08-01,West
CUST1167,Courtney Thomas,matthew78@gmail.com,2023-10-25,East
CUST1168,Billy Wright,loripowell@wilson.com,2024-05-18,East
CUST1169,Brian Oconnor,kimberlymiller@donaldson.com,2024-12-24,South
CUST1170,Angela Anderson,rhonda76@gmail.com,2025-03-24,West
CUST1171,John Mitchell,tiffanymarshall@newton-robbins.com,2025-05-22,North
CUST1172,Karen Hernandez,markharper@brown.biz,2023-10-28,East
CUST1173,Sandra Wheeler,sydneythomas@yahoo.com,2024-11-13,West
CUST1174,Krystal Garcia,bakernicole@hotmail.com,2023-11-18,West
CUST1175,Christopher Brown,millerlinda@payne.net,2024-02-27,South
CUST1176,Erica Davenport,wileydebra@yahoo.com,2025-03-10,East
CUST1177,Christina Garcia,carteremily@molina.net,2023-07-24,East
CUST1178,Christine Gross,amanda63@yahoo.com,2023-08-23,North
CUST1179,Donald Hill,medinamichelle@miller-rosario.org,2025-02-15,East
CUST1180,Linda Knight,ejordan@lucas.com,2024-08-22,North
CUST1181,Megan Joseph,korozco@gmail.com,2024-07-24,East
CUST1182,Ronald Davidson,collierdanielle@goodwin-wilkinson.com,2024-05-23,South
CUST1183,Terri Dougherty,pacenicole@gmail.com,2025-02-28,East
CUST1184,Christian Martinez,hannahhawkins@parks-baker.biz,2024-09-03,North
CUST1185,Priscilla Lopez,michellemarshall@wilson-ortiz.info,2023-09-30,North
CUST1186,Amy Brown,julie24@greene.com,2024-02-21,South
CUST1187,Jose Martinez,danielrosales@humphrey-fuller.com,2024-10-29,East
CUST1188,Christopher Galvan,colekathy@gmail.com,2024-01-25,East
CUST1189,Brenda Morrison,emilywheeler@gmail.com,2023-08-13,South
CUST1190,Leslie Nguyen,ehoward@harrison-taylor.com,2025-05-17,East
CUST1191,George Gray,zamoraerica@gmail.com,2024-12-21,East
CUST1192,Patrick Holmes,carterrobert@hotmail.com,2025-06-20,North
CUST1193,Brett Chang,rebecca50@kim.com,2025-03-21,East
CUST1194,Mr. Henry Ortiz,nbrown@hopkins.biz,2024-02-02,East
CUST1195,Matthew Vargas,lauramccall@hotmail.com,2025-02-10,South
CUST1196,Richard Mitchell,reevesscott@gmail.com,2024-08-04,South
CUST1197,Jonathan Dorsey,julieyoung@johnson.com,2025-01-24,West
CUST1198,Laurie Peters,ocarter@gmail.com,2024-07-03,North
CUST1199,Paula Morgan,jbrandt@moreno-maldonado.com,2024-07-19,East
CUST1200,Heather Gregory,snelson@williams-pena.com,2024-04-15,East
CUST1201,Jordan Goodman,thompsondanielle@martinez.net,2024-02-01,West
CUST1202,David Romero,cynthiarussell@anderson.info,2025-01-29,East
CUST1203,Valerie Richard,ramirezsean@bonilla.net,2023-08-14,North
CUST1204,Sheila Mcbride,veronica39@hotmail.com,2024-09-27,West
CUST1205,Judith Watson,ewilliams@gmail.com,2024-08-06,North
CUST1206,John Anderson,rrobinson@hotmail.com,2023-10-10,West
CUST1207,Thomas Schneider,nicholehartman@gmail.com,2023-09-13,West
CUST1208,Angelica Malone,hufflaura@thompson-cole.net,2025-04-14,South
CUST1209,Traci Vasquez,craighendricks@gilbert.com,2024-09-29,North
CUST1210,Gabriel Wagner,randallmiguel@rosales.net,2024-02-08,East
CUST1211,Brent Dean,john02@frye-luna.biz,2024-07-07,East
CUST1212,Zachary Harper,russellmurphy@hotmail.com,2024-10-22,North
CUST1213,Scott Brown PhD,jgonzalez@yahoo.com,2024-09-30,East
CUST1214,Kimberly Holland,bsmith@yahoo.com,2024-04-30,East
CUST1215,Kristen Saunders,briannaporter@hays.com,2023-09-12,North
CUST1216,David Graham,michaelhart@yahoo.com,2025-05-20,West
CUST1217,Jodi Simpson,vanessaferguson@nelson.biz,2024-07-07,North
CUST1218,Kelly Scott,jenniferjohnson@yahoo.com,2024-01-13,West
CUST1219,Gina Ali,owensdonald@yahoo.com,2024-02-01,East
CUST1220,William Burke,andrewali@hotmail.com,2024-08-15,East
CUST1221,Susan Pearson,osolis@rodriguez-taylor.net,2024-07-22,East
CUST1222,Sharon Palmer,xabbott@hart.com,2023-10-20,South
CUST1223,Erin Levine DVM,cruzchris@moss.info,2023-10-27,West
CUST1224,Eileen Rowe,mkelley@hotmail.com,2024-09-21,South
CUST1225,Kevin Hunter,bishopmary@perez.com,2023-12-11,South
CUST1226,Douglas Bell,eileenmurphy@hotmail.com,2023-12-05,North
CUST1227,Erin Washington,mario69@gonzales.biz,2025-01-26,South
CUST1228,Joshua Pitts,patrickalvarez@faulkner.com,2023-10-21,North
CUST1229,David Gross,ostephenson@davidson.com,2025-02-12,North
CUST1230,Kimberly Booth,jose27@gmail.com,2025-04-16,South
CUST1231,Kimberly Lee,dmaldonado@gmail.com,2024-09-13,West
CUST1232,Jodi Wilkinson,marissa22@yahoo.com,2025-03-20,West
CUST1233,Shawn Yoder,laura31@hotmail.com,2024-02-23,West
CUST1234,Matthew Powell,wjones@shannon-hanna.info,2024-02-06,West
CUST1235,Kylie Wolf,gillespiecraig@yahoo.com,2024-08-28,West
CUST1236,Brittany Fuller,richard43@perez.net,2024-02-21,South
CUST1237,Julie Moss PhD,nvasquez@jackson.com,2025-05-10,South
CUST1238,Philip Stevens,zrussell@jordan.biz,2023-10-09,East
CUST1239,Sarah Anderson DDS,thomas18@gmail.com,2023-07-08,West
CUST1240,Mr. Jonathan Jackson,matthewcarroll@gmail.com,2025-04-19,South
CUST1241,Patrick Bates,clarkesteven@reese-mercado.net,2024-10-17,East
CUST1242,William Perkins,fyoung@martinez-craig.com,2023-10-24,West
CUST1243,Jeffrey Morgan,chavezangela@gmail.com,2024-07-13,North
CUST1244,Abigail Crawford,sototravis@clark.org,2025-07-05,East
CUST1245,Donna Richards,gortiz@noble.com,2023-10-07,South
CUST1246,Jodi Gonzales,joshuacarpenter@mcbride.com,2025-05-31,North
CUST1247,Anthony Patterson,kennethjohnson@jackson.com,2024-09-02,North
CUST1248,Gary Thompson,amarshall@yahoo.com,2024-08-05,North
CUST1249,Robert Krause,jonathan83@washington-anderson.com,2023-11-25,East
CUST1250,Michael Chase,sheltoneric@booth-sanders.com,2025-06-25,South
CUST1251,Rachel Williams,laurie69@kerr.com,2025-06-04,North
CUST1252,Shannon Morgan,matthew40@gmail.com,2025-01-30,West
CUST1253,Elizabeth Walsh,jennifergreen@hernandez-williams.com,2023-07-10,North
CUST1254,Jamie King,justinanderson@hotmail.com,2025-06-26,North
CUST1255,Stacy Woodward,rogerschristopher@carpenter-holmes.org,2025-02-01,East
CUST1256,Gary Nichols,anthonyhowell@reed.biz,2024-07-07,East
CUST1257,Donald Brady,leslievincent@lang.info,2025-02-13,South
CUST1258,Patrick Crawford,pamelabeard@pham.info,2023-09-07,West
CUST1259,Lauren Kim,brianna41@allen.com,2025-07-04,East
CUST1260,Veronica Logan,zacharykemp@hotmail.com,2024-12-25,North
CUST1261,Jasmine Rojas,porteredward@gmail.com,2023-08-06,South
CUST1262,Kim Blankenship,ebarrett@crane-newman.com,2024-09-23,North
CUST1263,Michelle Palmer,ashley97@gmail.com,2025-04-03,North
CUST1264,Deborah Odom,williamsanthony@cohen.info,2025-05-19,East
CUST1265,Steven Jackson MD,turneralbert@barnett.com,2024-10-01,South
CUST1266,Aaron Wright,doughertyrobert@yahoo.com,2023-09-07,West
CUST1267,Kimberly Ellis,morenokayla@gmail.com,2024-12-29,West
CUST1268,Mary Brandt,jamesbryant@yahoo.com,2024-12-10,East
CUST1269,Patricia Yoder,perrymegan@strickland.com,2025-02-21,East
CUST1270,Tiffany Diaz,xbrown@carter.com,2024-10-20,South
CUST1271,Matthew Waller,ericksonmatthew@baker.com,2024-11-29,West
CUST1272,Fernando Taylor,douglasjessica@gay.com,2024-10-01,West
CUST1273,Bruce Castaneda,joneskristin@yahoo.com,2024-05-27,West
CUST1274,Tom Williams PhD,linda75@nichols.net,2025-01-03,North
CUST1275,Kimberly Tyler,luke10@brown-wright.com,2024-03-17,West
CUST1276,Rickey Carney,michele59@gmail.com,2024-11-28,North
CUST1277,Jonathan Ward,joy36@gmail.com,2025-02-17,South
CUST1278,Natalie Mitchell,david93@kaufman.com,2023-07-23,North
CUST1279,Bryan Henson,pamela26@gmail.com,2024-07-27,South
CUST1280,Willie Lyons,anthony91@hotmail.com,2023-08-10,West
CUST1281,Taylor Johnson,sarahcollier@garcia-wilkins.com,2024-10-13,West
CUST1282,Matthew Boone,bankselizabeth@wiley-butler.com,2024-08-02,South
CUST1283,Jared Campbell,gmorales@rivers.org,2023-12-05,East
CUST1284,Jennifer Baldwin,johnsonanita@yahoo.com,2024-02-17,South
CUST1285,Mike Morgan,hensleymelanie@brennan.biz,2023-11-20,East
CUST1286,Taylor Gonzalez,kirbyadam@king.com,2024-06-07,North
CUST1287,Kelly Pena,jeffrey05@gmail.com,2025-06-03,North
CUST1288,Christopher Mccullough,sandra99@paul.com,2025-01-25,North
CUST1289,Pamela Massey,randolphbryan@hotmail.com,2024-05-31,West
CUST1290,Ariel Miller,jessicamassey@cook.com,2023-11-18,North
CUST1291,Eric Miller,sheilayork@hotmail.com,2024-06-04,East
CUST1292,Paul Craig,jessica18@young-stevens.com,2025-05-10,North
CUST1293,Michelle Jones,jason65@roach-mccoy.com,2024-01-08,South
CUST1294,Jesse Morgan,eroberts@gmail.com,2023-10-24,South
CUST1295,Kelsey Woodard,mollychristian@eaton-kelly.net,2023-12-04,West
CUST1296,Heather Taylor,anitahart@austin.biz,2025-04-25,South
CUST1297,Timothy Harris,smithelizabeth@pacheco.com,2024-08-21,East
CUST1298,Antonio Solis,thomas96@hotmail.com,2024-12-28,North
CUST1299,Tammy Robertson,emilybutler@gmail.com,2025-05-02,West
CUST1300,Jennifer Parker,fho@yahoo.com,2024-11-28,North
CUST1301,Jacob Johnson,roy25@yahoo.com,2025-03-04,North
CUST1302,Richard Arnold,henrychristian@bailey-galloway.com,2025-06-21,East
CUST1303,Mrs. Paige Barr,kelly81@yahoo.com,2024-08-08,South
CUST1304,Chase Ayers,morganmalik@west.com,2023-10-20,South
CUST1305,Shawn Ortega,christina01@boyer-jennings.org,2024-01-02,North
CUST1306,David Olson,brian34@campbell-wilkinson.org,2024-06-24,West
CUST1307,James Allen,michaelweiss@yahoo.com,2024-11-18,South
CUST1308,Marcus Holmes,reyeskelli@gmail.com,2023-08-25,West
CUST1309,Daniel Willis,soniakim@anderson.biz,2023-12-10,South
CUST1310,Nicholas Harmon,pparrish@petersen.biz,2025-05-08,West
CUST1311,Rodney White,criley@yahoo.com,2024-08-29,East
CUST1312,Eric Cruz,hullsarah@clark-mathis.com,2024-04-26,West
CUST1313,Christina Jones,kevingarcia@smith.com,2023-12-21,East
CUST1314,Thomas Flores,lrivas@hotmail.com,2024-11-08,East
CUST1315,Susan Taylor,dianajohnson@williams.com,2025-02-11,West
CUST1316,Jesus Martinez,rvasquez@yahoo.com,2024-02-21,East
CUST1317,Grace Moreno,mariachapman@ashley-chaney.com,2025-04-16,North
CUST1318,James Robinson,gcurtis@yahoo.com,2024-05-30,East
CUST1319,Billy Richardson,sarahnichols@yahoo.com,2024-10-09,South
CUST1320,Lisa Thompson,christinapayne@hotmail.com,2024-03-28,West
CUST1321,Kimberly Everett,michael14@barton.org,2025-02-02,North
CUST1322,Christopher Sanders,garciadavid@castillo-riley.com,2023-09-28,West
CUST1323,Kyle Garner,williambrown@hotmail.com,2024-07-07,South
CUST1324,Sandra Lee,moyerdylan@anderson.com,2024-11-28,South
CUST1325,Katrina Holloway,hreed@hotmail.com,2024-12-25,South
CUST1326,David Johnson,riveraerica@yahoo.com,2023-08-24,East
CUST1327,Amber Boyd,reyesgerald@martin-gonzalez.org,2025-01-22,East
CUST1328,Tracy Solis,bholmes@hoffman.net,2023-11-19,West
CUST1329,Leah Page DDS,alan73@yahoo.com,2024-04-02,West
CUST1330,Adam Zavala MD,kmassey@yahoo.com,2025-03-16,North
CUST1331,Kellie Farrell,paul09@gmail.com,2024-06-06,North
CUST1332,Hailey Newman,rharding@frazier-frost.com,2024-06-12,West
CUST1333,Jaime Moreno,brookssarah@sherman-levy.net,2025-03-29,East
CUST1334,Deanna Parker,lauriegrant@hotmail.com,2025-05-22,South
CUST1335,Steven York,scott62@black.com,2023-09-30,West
CUST1336,Brandon Carter,vdavis@rose.com,2025-02-14,North
CUST1337,Thomas Murphy,zowens@yahoo.com,2024-10-04,East
CUST1338,Elizabeth Decker,richard32@hotmail.com,2023-09-24,West
CUST1339,David Stevens,robert73@archer.com,2024-01-23,West
CUST1340,Jonathan Vega,brandy82@gallegos-cooley.net,2025-04-16,East
CUST1341,Melissa Mitchell,christinestone@donovan.com,2024-08-28,West
CUST1342,Mr. Jerome Scott,ograham@carter.com,2025-06-03,East
CUST1343,Kelsey Mckenzie,mwalker@gmail.com,2023-12-01,South
CUST1344,William Reed,arnoldmichael@hotmail.com,2023-10-15,East
CUST1345,Mark Santiago,christopherthompson@hughes.net,2024-01-24,East
CUST1346,Nicholas Davenport,pjones@richards.com,2023-08-26,East
CUST1347,David Morrow,daniellewebb@hotmail.com,2024-01-17,West
CUST1348,James Garrett,michaelpaul@coleman.com,2023-11-26,West
CUST1349,Alexis Bishop,pattersontroy@yahoo.com,2024-09-15,East
CUST1350,Holly Chandler,rebekah19@yahoo.com,2023-07-28,West
CUST1351,Tina Thomas,beckhannah@flores.info,2024-08-10,North
CUST1352,Troy Ray,xperkins@miller.com,2025-01-06,North
CUST1353,Alexandria Drake,barnettrobert@simmons.com,2024-06-14,West
CUST1354,Heather Hayes,lorettahoward@maxwell-gomez.com,2024-05-24,West
CUST1355,Danny Terrell,joneslaura@yahoo.com,2024-10-21,East
CUST1356,Richard Foley,dwayne76@gmail.com,2025-06-10,South
CUST1357,Brandy Barnett,kristensantiago@yahoo.com,2023-07-10,West
CUST1358,Derek Carr PhD,ortegaralph@rodriguez.com,2023-11-28,North
CUST1359,Yolanda Campos PhD,brian85@wilson.com,2024-07-20,East
CUST1360,Scott Heath,danielle83@gmail.com,2024-01-09,West
CUST1361,Daniel Solomon,mckinneystephanie@gmail.com,2024-03-09,North
CUST1362,Brian Henderson,margaret63@gmail.com,2025-05-04,North
CUST1363,Bernard Lynn,harpermary@torres.com,2024-01-16,South
CUST1364,James Moon,jacquelinebrown@yahoo.com,2024-09-29,East
CUST1365,William Sims,ecastillo@hotmail.com,2025-02-15,East
CUST1366,Heather Skinner,heatherturner@friedman.com,2025-05-12,South
CUST1367,John Gregory,sarah41@cox.com,2024-04-04,South
CUST1368,Gregory Robbins,hpaul@yahoo.com,2025-01-01,East
CUST1369,Brandon Torres,jessicamcintyre@hotmail.com,2024-07-27,East
CUST1370,James Williamson,aliciabates@yahoo.com,2023-10-07,West
CUST1371,Linda Patterson,jjohnston@hotmail.com,2025-03-07,West
CUST1372,Mark Velez,lisageorge@morales.net,2025-02-03,South
CUST1373,Donna Medina,simpsonthomas@henry.com,2023-07-16,West
CUST1374,Michael Jackson,jasmine48@boyd.com,2024-01-16,North
CUST1375,Richard Patterson,victoria79@hotmail.com,2024-01-06,West
CUST1376,David Lynch,ssmith@yahoo.com,2024-08-16,West
CUST1377,David Williams,blevine@horn.info,2024-12-05,North
CUST1378,David Smith,fmorgan@maynard-carlson.com,2025-04-25,South
CUST1379,Tyler Campbell,michelle71@gmail.com,2024-07-11,North
CUST1380,Dr. Katherine Knapp,zunigatiffany@webb.info,2024-08-28,West
CUST1381,Mrs. Lauren Abbott,laurie55@pollard-smith.com,2023-12-15,South
CUST1382,Amanda Barker,tony29@vega.com,2024-11-15,West
CUST1383,Tammy Price,jeremy79@gmail.com,2025-01-25,North
CUST1384,Sara Day,eric00@gmail.com,2023-09-30,North
CUST1385,Becky Jennings,aaronmckay@gmail.com,2024-10-14,West
CUST1386,Christopher Vargas,aarongarrett@williams-benitez.com,2025-03-01,East
CUST1387,Stephanie Simmons,ashaffer@middleton.biz,2023-07-12,East
CUST1388,Jennifer Hensley,nicoleacevedo@yahoo.com,2024-05-02,North
CUST1389,Cheryl Smith,sweeneyalexander@hotmail.com,2024-09-23,North
CUST1390,Tara Berry,gonzalezrhonda@rodriguez-nichols.com,2024-10-31,East
CUST1391,Danny Martinez,marcus96@brewer.com,2024-01-11,East
CUST1392,Cindy Reed,princejoseph@weaver-hall.biz,2024-12-18,West
CUST1393,Robert Church,amckay@hotmail.com,2025-02-16,West
CUST1394,Dawn Jensen,melissa74@gmail.com,2024-07-09,East
CUST1395,Heidi Knight,timothylee@shaw.com,2024-09-13,West
CUST1396,Robert Wells,carmenking@graves-leonard.biz,2024-12-25,West
CUST1397,Destiny Rogers,gary35@benton.com,2024-10-28,South
CUST1398,Jesse Espinoza,oweaver@hotmail.com,2024-08-18,West
CUST1399,Ann Lewis,jameswalker@mosley.org,2024-11-02,North
CUST1400,Howard Skinner,ericacummings@scott.com,2023-09-30,West
CUST1401,Anna Hill,john07@pennington-dixon.biz,2024-10-31,West
CUST1402,David Sherman,daniel84@hotmail.com,2024-12-26,East
CUST1403,Bradley Joseph,progers@yahoo.com,2023-09-30,North
CUST1404,Erika Larsen,rkaufman@hotmail.com,2023-07-10,West
CUST1405,Susan Choi,gutierrezbrian@williams.com,2025-06-21,West
CUST1406,Bradley Johnson,nathanhill@yahoo.com,2023-07-12,South
CUST1407,Danny Garcia,bmolina@hays-allen.com,2024-06-21,West
CUST1408,Michele Mason,xmcmillan@yahoo.com,2025-01-09,West
CUST1409,Erica Bradley,oruiz@hotmail.com,2024-12-06,South
CUST1410,Amanda Turner,juanporter@hotmail.com,2023-11-12,East
CUST1411,Meghan Walls,lindseywalton@hotmail.com,2024-02-17,West
CUST1412,Michael Webb,lbaker@robinson.info,2025-04-27,South
CUST1413,Melissa Solis,ocarter@massey-williams.info,2023-09-13,North
CUST1414,Mary Gonzales,melissa05@anderson-fuller.com,2024-01-12,East
CUST1415,Olivia Washington,stacy14@gmail.com,2024-10-22,North
CUST1416,Monica Martin,dennis55@yahoo.com,2024-11-28,North
CUST1417,Gary Wright,alexandertucker@scott-lloyd.info,2025-05-16,South
CUST1418,Pamela Carrillo,mark88@bowman.net,2023-12-15,West
CUST1419,Amanda Macdonald,vhamilton@hotmail.com,2024-02-02,South
CUST1420,Isabella Davis,nporter@anderson.com,2025-03-04,South
CUST1421,Charles Baker,ngarcia@hotmail.com,2024-03-06,South
CUST1422,Kathleen Clark,kyle58@stewart.com,2023-07-12,South
CUST1423,Thomas Roberts,norman02@pacheco.biz,2024-01-14,East
CUST1424,Mary Peterson,greenevelyn@ferguson-williams.org,2023-09-26,West
CUST1425,John Bonilla,katherinekennedy@hotmail.com,2024-04-18,North
CUST1426,Edward Garrett,williamsrobert@hotmail.com,2024-01-29,North
CUST1427,Bryan Savage,murphykristine@hotmail.com,2024-07-29,West
CUST1428,Elizabeth Patton,allenmichael@gmail.com,2023-08-20,North
CUST1429,Megan Hanna,fperez@yahoo.com,2023-07-19,West
CUST1430,David Booth,justin85@west.com,2025-05-17,North
CUST1431,Curtis Pennington,qhamilton@gmail.com,2023-11-11,South
CUST1432,Meghan Coleman,bryan72@gmail.com,2024-12-07,North
CUST1433,Holly Gonzalez MD,jonathan87@gmail.com,2024-04-09,West
CUST1434,Ryan Gonzalez,jilllewis@gmail.com,2024-03-21,West
CUST1435,Latoya Coffey,ahoward@gmail.com,2023-07-14,West
CUST1436,Angela Byrd,levinekevin@cross.com,2024-09-13,West
CUST1437,James Johnson,perezjason@ramirez.com,2024-06-23,West
CUST1438,Mary Williams,mcknightrobert@yahoo.com,2025-05-07,East
CUST1439,Adam Harrington,velasquezrobert@faulkner.biz,2024-02-04,East
CUST1440,Jordan Banks,stonechristopher@mcdaniel.com,2024-07-06,North
CUST1441,Jesse Murphy,patrick25@house.biz,2024-01-18,West
CUST1442,David Callahan,madison89@gmail.com,2023-11-23,North
CUST1443,Alejandra Hill,amcclure@austin.com,2024-03-31,West
CUST1444,Nicole Rocha,cheryl89@williams.com,2023-08-16,West
CUST1445,Megan Oconnor,xowen@gmail.com,2023-07-15,East
CUST1446,Jennifer Gonzalez,robert03@reed-barajas.com,2024-10-28,East
CUST1447,Melinda Barker,breannagonzalez@gmail.com,2024-01-14,South
CUST1448,Joseph Brown,robin13@smith-carroll.biz,2024-10-20,East
CUST1449,Jessica Raymond,tommybrennan@middleton.net,2024-02-05,South
CUST1450,Phillip Perry,ypierce@moon-melendez.com,2024-12-27,South
CUST1451,Kevin Erickson,christopher34@mckee.com,2023-08-06,South
CUST1452,Theodore Cook,daniel31@weaver.com,2024-01-31,South
CUST1453,Deborah York,urobinson@gmail.com,2024-07-10,South
CUST1454,Amy Keller,ashleysanders@hotmail.com,2024-07-29,North
CUST1455,Jorge Reyes,kelly62@hotmail.com,2023-07-30,East
CUST1456,Manuel Lewis,dwilliams@gmail.com,2024-09-27,South
CUST1457,Sara Wilkins,lbarber@gmail.com,2024-08-15,West
CUST1458,Angela Hendricks,sarah14@yates-peck.info,2024-11-30,East
CUST1459,Daniel Simmons,usmith@yahoo.com,2024-12-02,East
CUST1460,Eugene Schmidt,derickson@mahoney.com,2024-09-18,South
CUST1461,Donna Johnson,ryan52@gmail.com,2024-10-07,North
CUST1462,Isaac Turner,emendoza@burton-graham.com,2025-06-29,South
CUST1463,Danielle Lane,crossnancy@oliver.com,2024-03-14,North
CUST1464,Joel Stewart,lewispatrick@hotmail.com,2024-09-08,West
CUST1465,Timothy White,davidlarsen@robinson-baker.com,2024-12-27,East
CUST1466,Michael Bennett,thomas84@nunez-castro.com,2024-09-28,West
CUST1467,Robert Soto,andradedavid@gmail.com,2024-08-16,North
CUST1468,Charles Martinez,graycindy@yahoo.com,2025-02-09,North
CUST1469,Joshua Avery,ipark@king-davis.biz,2024-02-05,West
CUST1470,Brian Marquez,hardinjeffrey@gmail.com,2024-02-15,North
CUST1471,Vincent Martin,oramsey@harper.com,2023-09-03,West
CUST1472,Brandi Hudson,megan99@gmail.com,2023-10-15,East
CUST1473,Jennifer Villarreal,kenneth20@harrison.com,2024-09-23,West
CUST1474,Linda Leonard,robertalvarado@torres-kennedy.com,2023-09-30,East
CUST1475,Sharon Trevino,peter05@byrd.com,2024-05-28,West
CUST1476,Donna Barnett,brian28@hotmail.com,2024-07-19,North
CUST1477,Shelby Leonard,louis59@yahoo.com,2024-11-26,West
CUST1478,Suzanne Carr,wnorton@gmail.com,2024-02-13,North
CUST1479,Brittany Fisher,kimberly31@gmail.com,2024-03-23,West
CUST1480,Dominique Hendrix,jessicahayes@gmail.com,2023-07-30,West
CUST1481,Rebecca Martin,abigail01@hotmail.com,2023-11-10,South
CUST1482,Maureen Johnson,scott96@gmail.com,2025-01-07,North
CUST1483,Barbara Rodriguez,allen83@gmail.com,2024-01-20,South
CUST1484,Sandra Quinn,ccarrillo@gmail.com,2024-11-27,North
CUST1485,Hector Odonnell,alecfitzgerald@yahoo.com,2024-08-28,South
CUST1486,Mrs. Elizabeth Crawford DVM,lisacampbell@yahoo.com,2024-11-18,East
CUST1487,Beverly Williams,brandon35@gmail.com,2024-10-11,West
CUST1488,Debbie Green,brianfrench@hotmail.com,2024-09-05,North
CUST1489,Bernard Velez,shanebrown@yahoo.com,2024-06-06,North
CUST1490,Daniel Todd,chandlerchristopher@yahoo.com,2024-06-11,West
CUST1491,Curtis Campos,usutton@gmail.com,2024-07-07,North
CUST1492,Leah Turner,qshaw@hoffman.org,2025-06-22,North
CUST1493,Andrea Morton,wstevens@yahoo.com,2024-12-13,South
CUST1494,Laura Davis,amandaandrade@gmail.com,2025-07-04,North
CUST1495,Carolyn Whitehead,kaitlin50@smith.org,2024-07-05,East
CUST1496,James Orozco,abigail58@schneider.com,2023-11-17,East
CUST1497,Edward Wilkins,michellehaynes@yahoo.com,2024-05-05,West
CUST1498,Tina Davis,zbarker@velazquez-everett.com,2025-07-04,North
CUST1499,Kenneth Rose,englishanthony@hotmail.com,2024-05-16,West
CUST1500,Jill Flores,sotobrian@hotmail.com,2024-07-19,East
CUST1501,Marilyn Underwood,pmoore@hotmail.com,2023-07-16,North
CUST1502,Matthew Harris,lisawilliams@rios-brewer.biz,2024-06-29,North
CUST1503,James Rice,schneiderbenjamin@gates-warren.com,2024-04-12,West
CUST1504,Alexander Summers,hodgeseric@hotmail.com,2025-01-21,East
CUST1505,William Brown,nicholasgilbert@thomas.org,2023-07-23,North
CUST1506,Julie Tran,jerrymiller@yahoo.com,2024-03-27,West
CUST1507,Jason Hodge,davidrusso@gregory.org,2025-05-20,East
CUST1508,Roger Campbell,lopezjoseph@gmail.com,2025-03-04,West
CUST1509,Darren Murphy,debbieschwartz@farmer.info,2024-07-17,South
CUST1510,Kevin Bradley,jameswyatt@smith.com,2025-04-05,North
CUST1511,Calvin Wilson,kimberly53@hotmail.com,2025-06-18,South
CUST1512,Mark Sweeney,caroline68@yahoo.com,2024-08-29,East
CUST1513,Richard Pruitt,xjohnson@yahoo.com,2024-02-09,South
CUST1514,Kelly Powers,joshualopez@yahoo.com,2024-01-24,South
CUST1515,Laura Fields,hhall@sullivan-bean.com,2024-02-10,East
CUST1516,Michael Shelton,jennifer96@baker-harris.com,2024-10-28,West
CUST1517,Jillian Marquez,bakerkenneth@powell.biz,2024-09-23,South
CUST1518,Jacqueline Johnson,fmoyer@baird.com,2023-10-14,West
CUST1519,William Thomas,gordonrose@hernandez.biz,2023-10-17,South
CUST1520,Jennifer Lee,derek09@gmail.com,2023-07-28,West
CUST1521,Kimberly Lowe DVM,savannahdavidson@moses.com,2024-09-03,East
CUST1522,Carl Yoder,donald13@yahoo.com,2024-03-03,South
CUST1523,Dwayne Martinez,abbottmichael@hotmail.com,2024-02-04,East
CUST1524,Melissa Roberts,browndaniel@hotmail.com,2025-01-25,South
CUST1525,Lauren Patterson,grayjoseph@hotmail.com,2025-03-08,East
CUST1526,David James,priscillaadkins@gmail.com,2024-02-07,East
CUST1527,Victoria Hale,wooddavid@kirby-jefferson.info,2025-05-02,South
CUST1528,Mr. Thomas Ross,mccarthygeorge@hernandez.net,2024-06-20,South
CUST1529,Hunter Wood,taylorlisa@johnson-payne.com,2024-05-17,South
CUST1530,Evan Alvarez,katiematthews@gibson.com,2024-05-28,North
CUST1531,Derek Jones,tonikelley@hotmail.com,2025-06-10,West
CUST1532,Daniel Sloan,andrea91@hotmail.com,2025-01-08,North
CUST1533,Kevin Williams,parksrose@hotmail.com,2024-12-09,North
CUST1534,Brooke Mooney,zflores@hotmail.com,2024-08-21,East
CUST1535,Pamela Santana,glopez@miller-johnson.com,2025-04-29,South
CUST1536,Dale Medina,nathanfarrell@hotmail.com,2023-08-13,West
CUST1537,Kari Robinson,yperry@smith-garcia.org,2024-08-03,East
CUST1538,Sarah Hernandez,mmcmillan@ramirez-weaver.com,2024-10-21,North
CUST1539,Caitlyn Floyd,dayedward@washington-wheeler.com,2025-04-07,South
CUST1540,Kayla Williams,karenphillips@riddle.biz,2025-01-01,East
CUST1541,Karen Jones,dawnpierce@hotmail.com,2025-02-13,South
CUST1542,Charles Robinson,krollins@yahoo.com,2025-06-23,East
CUST1543,Jim Logan,frivera@miller.org,2024-09-13,South
CUST1544,Elizabeth Washington,luisbell@wilson.com,2024-01-16,North
CUST1545,Christopher Kennedy,laura38@george.info,2024-07-19,West
CUST1546,Tanner Lewis,barralicia@hotmail.com,2025-01-11,North
CUST1547,Ashley Acevedo,william16@white.com,2023-12-30,West
CUST1548,Jimmy Thompson,hoffmankara@lane-hughes.com,2024-01-17,South
CUST1549,Carol Reid,tsalas@grimes.com,2024-03-02,East
CUST1550,Tammy Robinson,monica09@gmail.com,2025-06-12,North
CUST1551,Debbie Smith,dcook@hotmail.com,2024-07-23,West
CUST1552,Andrew Hurley,petergonzalez@werner.com,2024-10-14,North
CUST1553,Karen Fletcher,dblevins@ellis.com,2024-10-18,West
CUST1554,Philip Diaz,rileyjennifer@gmail.com,2025-06-06,North
CUST1555,Kelly Diaz,milesangela@gmail.com,2023-11-05,West
CUST1556,Jennifer Garcia,jennifer41@mcdonald.net,2025-03-18,West
CUST1557,David Moreno,davisnorman@ramirez-martinez.com,2025-03-27,South
CUST1558,Miss Lori Yang,blakejoshua@maddox.net,2025-03-05,West
CUST1559,Denise Logan,laura60@conway-perez.com,2025-04-29,South
CUST1560,Paul Miller,turnerpaul@gmail.com,2023-07-31,West
CUST1561,Gregory Berry,christopherhampton@hotmail.com,2025-06-04,East
CUST1562,Elizabeth Hartman,rebeccafernandez@bowman-scott.com,2024-06-13,East
CUST1563,Timothy Davis,garyorozco@gmail.com,2024-03-16,East
CUST1564,Mary Hays,duncanrandall@gmail.com,2023-10-23,West
CUST1565,Stephen Higgins,croberson@hotmail.com,2024-09-17,South
CUST1566,Patricia Gomez,tanya10@hickman.com,2025-06-20,South
CUST1567,Lori Barnes,camposrebecca@curtis.net,2024-08-10,West
CUST1568,Julia Barber,nsteele@campbell.net,2024-10-16,East
CUST1569,Cindy Ward,robertsmith@hotmail.com,2024-12-20,East
CUST1570,Jared Pierce,davisdiana@hotmail.com,2024-03-22,South
CUST1571,Jennifer Ayala,rramirez@massey.biz,2024-01-18,East
CUST1572,Dr. Gary Rocha,chunter@gmail.com,2025-03-18,North
CUST1573,Lisa Brown,melissagreen@hotmail.com,2025-05-21,South
CUST1574,Nicole Hamilton,reyescasey@parker.info,2023-07-26,East
CUST1575,Courtney Gibbs,brendajuarez@martinez-mills.com,2024-12-20,South
CUST1576,Anthony Moore,lukeramos@randall-edwards.org,2024-12-20,North
CUST1577,Robert Moore,jonesgary@gmail.com,2024-06-23,South
CUST1578,Alexis Garcia,mirandaamanda@dixon-mcclure.com,2025-05-18,South
CUST1579,Craig Smith,derek72@yahoo.com,2023-11-02,South
CUST1580,Theresa Glenn,wrightwilliam@yahoo.com,2024-11-24,South
CUST1581,Anthony Mays,lcook@farley.com,2025-01-09,North
CUST1582,Martin Baker,gjohnson@lee-jacobson.com,2024-12-27,West
CUST1583,Jessica Wilson,ghernandez@gmail.com,2024-04-08,South
CUST1584,Trevor Morris,dmarks@gmail.com,2024-12-18,South
CUST1585,Michaela Carson,blowe@yahoo.com,2023-11-21,East
CUST1586,Erin Hart,jasonmartinez@gmail.com,2023-11-08,South
CUST1587,Michelle Hicks DDS,michael64@wilson-martin.com,2025-03-22,East
CUST1588,Renee Bradley,zsteele@mcgee.com,2024-08-25,West
CUST1589,Amanda Jones,ubrown@hotmail.com,2024-10-04,North
CUST1590,Eric Villanueva,michael22@brown-baker.biz,2023-09-28,North
CUST1591,Shawn Collier,william71@williams.com,2023-09-24,West
CUST1592,Nancy Harris,rubenbrown@gmail.com,2025-04-29,North
CUST1593,Bethany Estrada,justin47@griffin.org,2024-12-14,West
CUST1594,Morgan Miller,garciastephanie@beasley.com,2025-01-07,West
CUST1595,Kenneth Wall,jasonjohnson@buck-watson.net,2023-08-02,West
CUST1596,Brian Vaughn,igutierrez@young.info,2024-04-07,North
CUST1597,Rebecca Foley,barronsusan@yahoo.com,2024-11-19,East
CUST1598,Thomas Jackson,brendathomas@massey.com,2025-06-19,West
CUST1599,Kimberly Lewis,cherylnewton@yahoo.com,2024-01-23,South
CUST1600,Angela Wilson,qmorrow@yahoo.com,2024-01-05,North
CUST1601,Dylan Benson,chase60@salas-mcgee.com,2024-01-25,West
CUST1602,Harry Thompson,pamelastone@gomez.com,2023-12-16,West
CUST1603,Victoria Munoz,fadkins@gmail.com,2025-03-23,South
CUST1604,Sara Webb,wbaker@hotmail.com,2023-12-11,East
CUST1605,Rhonda Nelson,nicolas42@yahoo.com,2025-07-03,East
CUST1606,Amanda Young,jacqueline51@hotmail.com,2025-02-22,East
CUST1607,Russell Luna,parrishjames@moses-potter.com,2023-07-18,West
CUST1608,Nicole Yoder,jmartinez@yahoo.com,2023-10-16,West
CUST1609,Morgan French,lejared@yahoo.com,2025-05-24,West
CUST1610,Jacqueline Knight,taylorstephanie@gmail.com,2025-05-05,North
CUST1611,Tracey Ramirez,kellypittman@yahoo.com,2024-05-12,South
CUST1612,Sabrina Wise,adriana89@gmail.com,2024-02-20,West
CUST1613,Julia Matthews,andrewsdarren@gmail.com,2024-01-24,South
CUST1614,Angelica Richardson,donna49@padilla-martinez.com,2025-04-25,South
CUST1615,Jessica Rogers,rneal@gmail.com,2024-01-08,East
CUST1616,Joshua Woodward,stephaniecooper@macias.com,2025-02-17,North
CUST1617,Alexander Martinez,frodriguez@daniels.com,2024-01-10,West
CUST1618,Melissa Yates,joneschristina@hotmail.com,2024-07-27,East
CUST1619,Christopher Mullins,paul67@castillo.com,2023-07-22,East
CUST1620,Jennifer Brown,nancyhammond@salazar-bennett.org,2024-10-18,West
CUST1621,Stephanie King,robertburns@clark.info,2024-09-23,South
CUST1622,Abigail Thomas,bowentamara@gmail.com,2025-01-02,East
CUST1623,Megan Warner,russelldavid@gmail.com,2023-10-26,South
CUST1624,Jeremiah Ball,kristivincent@gmail.com,2024-12-11,North
CUST1625,Sarah Obrien,kimberlyperez@hotmail.com,2023-10-12,South
CUST1626,Teresa Adams,wuamy@gmail.com,2024-06-12,North
CUST1627,Jesus Orozco DVM,ijohnson@hotmail.com,2025-04-28,South
CUST1628,Paul Woods,samuel43@yahoo.com,2023-11-06,East
CUST1629,Cory Thomas,alejandroshepard@hall-jones.com,2023-08-27,East
CUST1630,Danny Parker,qwalker@gmail.com,2024-03-25,North
CUST1631,Joshua Walker,wsullivan@collins.com,2024-01-25,West
CUST1632,Daniel Davis,acostajamie@collier.com,2023-11-17,North
CUST1633,Peter Johnson,robinowens@morse.com,2024-11-15,North
CUST1634,Kelsey Stone,parkermiller@yahoo.com,2024-06-30,South
CUST1635,Bradley Garcia,dianeanderson@frost.com,2023-11-12,South
CUST1636,Jenny Johnson,warddiana@gmail.com,2024-11-17,North
CUST1637,Leslie Foster,haley85@gmail.com,2024-09-06,East
CUST1638,Jon Shaw,creyes@dodson-rowland.org,2024-03-09,South
CUST1639,Cindy Fields,jennifer74@franklin.com,2024-05-08,West
CUST1640,Ronald Donaldson,spena@smith.com,2023-12-09,South
CUST1641,Joshua Fields,lisahenderson@gmail.com,2024-07-26,South
CUST1642,John Walter,rodriguezjames@villa-obrien.net,2025-06-11,West
CUST1643,Robert Gregory,katherineallen@white.org,2025-03-26,North
CUST1644,Christopher Smith,tmedina@shaw.com,2024-11-02,West
CUST1645,Carol Perez,erichodges@wade.info,2024-02-23,North
CUST1646,Michelle Brooks,vpearson@gmail.com,2023-09-02,North
CUST1647,Kimberly Bird,mlam@yahoo.com,2025-07-06,North
CUST1648,Zachary Mckenzie,adam63@yahoo.com,2024-11-23,West
CUST1649,Mrs. Brittany George,tmcgee@yahoo.com,2025-05-16,North
CUST1650,Emily Nelson,espinozaleslie@stone.net,2024-03-02,East
CUST1651,Ralph Chang,xrivera@maldonado-santana.com,2024-01-13,West
CUST1652,Joshua Bradley,wstephens@nelson.com,2024-08-07,East
CUST1653,Jonathan Harris,joseph11@dawson-brown.com,2024-08-23,North
CUST1654,Adam Perry,lisajames@fields.com,2025-03-05,South
CUST1655,Lisa Mclaughlin,jeremy50@thomas.net,2024-06-18,North
CUST1656,Corey Nguyen,danieldonovan@hanson.net,2025-02-02,East
CUST1657,Erica Gibson,jeanprice@thompson-jones.com,2024-07-11,East
CUST1658,Dale Wright,robert48@garrett-briggs.com,2025-03-24,West
CUST1659,Cassandra Mcdonald,matthewromero@yahoo.com,2024-05-20,South
CUST1660,Denise Gutierrez,irodriguez@martin.info,2024-08-16,West
CUST1661,Angela Martinez,aaronbest@crane.com,2024-05-26,East
CUST1662,Miss Gabrielle Simmons PhD,cookdaniel@harding.com,2023-09-01,North
CUST1663,Anthony Sullivan,brownstephen@gmail.com,2024-02-12,South
CUST1664,Mr. Zachary Bell,gordonjennings@garcia-klein.com,2024-09-15,North
CUST1665,Amanda Lewis,kwhitehead@yahoo.com,2024-10-03,North
CUST1666,Jon Price,dsingh@gmail.com,2025-06-04,South
CUST1667,Matthew Allen,john08@hotmail.com,2023-09-06,West
CUST1668,Jessica Brown,anthonywilliams@yahoo.com,2024-10-25,North
CUST1669,Carolyn Harris,christopher44@morse-anderson.com,2025-06-11,East
CUST1670,Brittany Davis,jonathankline@williams-lindsey.com,2024-09-23,North
CUST1671,Tiffany Farley,davidkeller@yahoo.com,2025-04-22,South
CUST1672,Laura Cabrera,dennis13@guerrero.info,2024-08-24,South
CUST1673,Mario Guerra,qcole@smith.net,2025-03-10,South
CUST1674,Brenda Murray,katelyn34@alvarado-simpson.org,2024-11-11,West
CUST1675,Jeremy Taylor,gbeard@hotmail.com,2024-10-23,North
CUST1676,Patrick Pearson,sabrina42@yahoo.com,2024-08-24,West
CUST1677,Carmen Jenkins,qbrady@yahoo.com,2024-01-08,West
CUST1678,Brendan Francis,adammaldonado@coleman.org,2024-01-17,South
CUST1679,William Ashley,lori48@sandoval.org,2024-08-21,South
CUST1680,Robert Greene,ucoleman@martinez.com,2025-06-20,West
CUST1681,Seth Lane,reginald43@steele-dennis.info,2025-07-06,North
CUST1682,Katherine Jennings,opotter@yahoo.com,2023-11-25,East
CUST1683,Alexandria Austin,arasmussen@vazquez.info,2025-01-26,West
CUST1684,Nicole Harvey,ryanmcdonald@powell.org,2025-04-23,North
CUST1685,Tommy Horn,kimlopez@yahoo.com,2025-01-14,South
CUST1686,Cynthia Short,tbenjamin@wright-morton.com,2023-09-04,South
CUST1687,Shaun Monroe,hmoreno@soto.com,2025-01-26,North
CUST1688,Tiffany Lopez,xsmith@davidson.biz,2023-11-16,East
CUST1689,Thomas Marsh,rachel80@gmail.com,2025-04-23,South
CUST1690,Karen Taylor,cohendavid@washington.org,2023-11-01,South
CUST1691,Rebecca Roberts,virginiamccarty@gmail.com,2023-10-09,South
CUST1692,Kimberly Thomas,morenocrystal@yahoo.com,2023-09-12,North
CUST1693,Jennifer White,erica79@gmail.com,2025-05-16,West
CUST1694,Betty Williams,michaellee@hotmail.com,2025-04-22,South
CUST1695,Christopher Johnson,wferrell@gregory.com,2024-10-05,West
CUST1696,Peter Schmitt Jr.,yateskristen@gmail.com,2025-01-20,East
CUST1697,Emily Turner,moralesmark@gmail.com,2024-11-07,South
CUST1698,Robin Parks,russellmichelle@hotmail.com,2023-08-11,South
CUST1699,William Downs,ldavis@murphy-murray.com,2024-04-14,East
CUST1700,Francisco Jones,barajasnicholas@woods.info,2025-04-18,South
CUST1701,Audrey Garcia,jburgess@hotmail.com,2023-07-28,West
CUST1702,Kimberly Higgins,patrick19@yahoo.com,2023-09-18,North
CUST1703,David Duncan,acain@yahoo.com,2024-07-31,West
CUST1704,Richard Greene,mclark@gmail.com,2024-12-14,North
CUST1705,Jennifer Spencer,jamesprice@hotmail.com,2023-11-19,North
CUST1706,Mary Golden,johnkennedy@yahoo.com,2024-11-23,West
CUST1707,Linda Harris,carrillofrederick@campbell-cruz.com,2024-02-08,West
CUST1708,Molly Young,xmarquez@peters-roman.biz,2024-01-04,West
CUST1709,Garrett Hubbard,williamskatherine@jackson.com,2024-06-14,West
CUST1710,Amanda Duarte,kenneth12@gardner.com,2025-06-18,East
CUST1711,Kenneth Allen,james20@gmail.com,2024-01-12,South
CUST1712,Carla Matthews,jlopez@miles.com,2023-11-17,North
CUST1713,Patrick Morgan,mitchellchristina@gmail.com,2023-10-02,West
CUST1714,James Love,paula80@hotmail.com,2025-06-03,West
CUST1715,Bryan Cunningham,jessicawilson@rogers-garcia.com,2023-09-10,West
CUST1716,Kyle Mueller,cshelton@yahoo.com,2023-12-22,East
CUST1717,Elizabeth Cooley,taylorlisa@bowers.biz,2023-09-20,West
CUST1718,Aaron Hernandez,kdennis@gmail.com,2023-10-11,West
CUST1719,Diana Luna,laura74@yahoo.com,2023-08-18,West
CUST1720,Nicholas Williams,joe90@johnson.net,2023-12-17,South
CUST1721,Whitney Smith,allison40@burton.com,2024-08-22,East
CUST1722,Taylor Santiago,williamssarah@clark.com,2023-07-22,West
CUST1723,Steven Gonzalez,michael02@villegas-medina.com,2025-05-14,North
CUST1724,Ian Hopkins,jeffreybates@hotmail.com,2024-11-17,North
CUST1725,Paul Moore,kblack@brennan.com,2024-05-26,North
CUST1726,Gabriel Schneider,swansonjustin@jackson.com,2025-03-31,East
CUST1727,Catherine Willis,tracy38@yahoo.com,2024-05-06,East
CUST1728,Alexander Gibson,benjamin39@rodriguez-ross.com,2024-01-06,North
CUST1729,Lisa Everett,julia43@yahoo.com,2023-09-12,West
CUST1730,Michael Williams,shortadam@yahoo.com,2023-12-19,East
CUST1731,Patricia Williams,kristen82@yahoo.com,2024-12-06,North
CUST1732,Penny Pollard,heather38@gmail.com,2025-07-07,North
CUST1733,Jacob Taylor,twalsh@hotmail.com,2025-03-16,West
CUST1734,Andrew Farmer,bensonmichelle@johnson.com,2023-10-22,South
CUST1735,Kaitlin Lee,norrisjanice@burgess.org,2024-03-27,East
CUST1736,Chelsey Suarez,hunter40@hill.com,2025-01-09,West
CUST1737,Patrick Nicholson,fsoto@bradley.com,2025-02-14,North
CUST1738,Marcus Turner,dawnramirez@yahoo.com,2025-02-13,North
CUST1739,Micheal Crane,marklittle@gmail.com,2025-07-07,West
CUST1740,Joshua Smith,osbornebrian@escobar-brown.net,2024-09-05,East
CUST1741,Kelsey Rice,robertvega@dominguez-barnes.biz,2024-01-21,South
CUST1742,Justin Forbes,anthonyhebert@hotmail.com,2025-01-21,South
CUST1743,Charles Lewis,gwilson@baker-cross.org,2024-02-10,North
CUST1744,Emily Lara,shawnhernandez@yahoo.com,2024-05-16,East
CUST1745,Patrick Francis,amy19@evans.com,2025-06-16,South
CUST1746,Mr. Alfred Smith,lorimanning@hotmail.com,2023-07-21,East
CUST1747,Mrs. Rachel Carr,richard31@hotmail.com,2023-08-18,East
CUST1748,Joshua Perkins,richard31@hotmail.com,2025-05-08,North
CUST1749,Benjamin Morgan,vbradley@rodriguez.biz,2025-05-31,South
CUST1750,Amber Lewis,brandycurtis@burgess.com,2024-10-18,West
CUST1751,Angela Maxwell,ttorres@jones.info,2025-03-27,North
CUST1752,Randy Brown,mirandacooper@gmail.com,2023-12-25,South
CUST1753,Joan Gutierrez,victoriahodge@bryant.com,2025-03-26,South
CUST1754,Colleen Ramos,eclark@saunders.biz,2024-01-05,South
CUST1755,Breanna Jackson MD,singletonsherry@yahoo.com,2023-07-14,South
CUST1756,Michele Jensen,parker81@hernandez.com,2025-03-30,South
CUST1757,Mark Lyons,joshua29@hotmail.com,2023-12-31,East
CUST1758,Janet Riggs,riveramichael@yahoo.com,2025-01-31,North
CUST1759,Maria Spencer,maureenolsen@hotmail.com,2024-05-19,East
CUST1760,Christopher Barnes,felliott@hotmail.com,2024-02-07,West
CUST1761,Kelly Orozco,james40@hotmail.com,2024-05-25,South
CUST1762,Brandon Kelly,rbrown@hotmail.com,2025-06-30,North
CUST1763,Diane Washington,sonyaalvarado@hotmail.com,2024-02-23,South
CUST1764,Nicole Haney,ugonzalez@wilson.net,2024-05-07,North
CUST1765,April Frey,johnschwartz@pollard.com,2025-01-24,East
CUST1766,Gary White,howelltyler@gmail.com,2024-09-22,North
CUST1767,Joe Jones,yhahn@murray.com,2025-03-05,West
CUST1768,Debra Kelley,carly46@hotmail.com,2025-04-08,West
CUST1769,Rachel Green,cantrellkimberly@coleman.com,2025-06-17,North
CUST1770,David Kramer,benjaminnichols@west-raymond.com,2025-04-10,North
CUST1771,Katherine Taylor,fdiaz@yahoo.com,2023-08-05,North
CUST1772,Angel Guerrero,kevin37@gmail.com,2024-06-07,North
CUST1773,Whitney Oconnor,aaron46@yahoo.com,2023-08-31,West
CUST1774,William Norton,trevor68@edwards.info,2023-07-26,South
CUST1775,Timothy Lynch,alishanicholson@yu.biz,2024-10-17,North
CUST1776,David Brown,gilljohn@yahoo.com,2024-07-04,North
CUST1777,Michael Schmidt,gabriel11@hotmail.com,2024-10-21,West
CUST1778,Monica Wilson,rachel58@yahoo.com,2025-06-16,West
CUST1779,James Lawrence,aaronmeadows@yahoo.com,2023-08-30,East
CUST1780,Larry Casey,hunteric@gmail.com,2023-07-14,North
CUST1781,Kevin Chen,harrisbrenda@hotmail.com,2024-08-22,East
CUST1782,Angela Kramer DDS,zkidd@yahoo.com,2023-07-19,West
CUST1783,Michael Berry,whenderson@gmail.com,2023-10-26,West
CUST1784,Sean Flowers,zwilliams@gmail.com,2024-06-20,South
CUST1785,Ana Herrera,kellymaldonado@gmail.com,2024-09-17,North
CUST1786,Juan Mitchell,michaelhunter@peters-saunders.net,2024-06-26,East
CUST1787,Brian Rodriguez,alicia88@yahoo.com,2023-09-18,West
CUST1788,Carol Lewis,bavery@reyes.biz,2024-04-24,West
CUST1789,Sarah Jefferson,tracycooley@gmail.com,2023-10-08,East
CUST1790,Brian Porter,nharper@yahoo.com,2025-03-31,South
CUST1791,Sabrina Burke MD,amandahorne@campbell.org,2024-05-01,West
CUST1792,Keith Jackson,roberthanson@carter.com,2024-05-30,North
CUST1793,Devon Gray,moralesjames@gmail.com,2024-06-11,West
CUST1794,Colleen Mora,lynchnicholas@gmail.com,2023-11-21,North
CUST1795,Ernest Peck,thomas54@gmail.com,2024-09-10,East
CUST1796,Leslie Mcpherson,pchase@hudson-richards.com,2025-04-28,North
CUST1797,Heidi Sanchez,natasha16@huff.biz,2024-06-23,East
CUST1798,Patricia Williams,teresa47@hotmail.com,2023-09-20,North
CUST1799,Sandra Dean,reedmichael@thomas-thomas.info,2024-04-12,East
CUST1800,Gabriel Browning,alex72@green.org,2024-04-11,North
CUST1801,Stephanie Wilson,toni93@yahoo.com,2025-06-26,South
CUST1802,Tammy Baker,briana18@gmail.com,2025-04-16,North
CUST1803,Destiny Lee,collinsjessica@gmail.com,2025-04-26,North
CUST1804,Jared Martinez,smithangela@sexton.com,2024-06-11,South
CUST1805,Sydney Navarro,wesley04@gordon-miller.com,2024-11-28,West
CUST1806,John Nguyen,rrose@hotmail.com,2024-05-06,West
CUST1807,Gregory Davis,hessjames@wise-moran.net,2024-07-05,North
CUST1808,Crystal Morales,browndavid@hotmail.com,2024-06-09,South
CUST1809,Gloria Santiago,alisonbryant@hotmail.com,2024-04-03,North
CUST1810,Christina Hess,wmelendez@riddle.info,2024-08-23,East
CUST1811,Jennifer Hale,michaelduarte@perez.com,2025-06-15,East
CUST1812,Victoria Bennett,wellsjason@yahoo.com,2024-06-16,North
CUST1813,Joseph Gonzalez,jessicabrown@hall-thompson.biz,2025-06-24,West
CUST1814,Alexandra Love,alexhoward@yahoo.com,2024-12-29,West
CUST1815,Rebecca Caldwell,seanholland@lopez-cherry.com,2023-08-02,North
CUST1816,Kelly Graham,reyesbrian@thomas.com,2023-08-30,North
CUST1817,Samantha Hall,mcphersonkaren@davis.com,2023-11-01,East
CUST1818,Maria Fuller,rodriguezchristina@perez-watson.com,2024-08-02,West
CUST1819,Teresa Johnson,andersontodd@gmail.com,2023-12-10,North
CUST1820,Nicole Gallegos,grayjennifer@yahoo.com,2024-01-31,East
CUST1821,Steven Miller,pvaldez@gmail.com,2024-12-07,West
CUST1822,Keith Conway,vdawson@gates-rice.com,2024-01-23,South
CUST1823,Alexis Smith,karenfischer@allen.net,2023-09-28,East
CUST1824,Melanie Perez,stephen37@evans.com,2023-08-19,West
CUST1825,Gregory Cox,hicksmelissa@peters.com,2025-03-06,West
CUST1826,Amber Cook,jamesbauer@gmail.com,2025-01-24,East
CUST1827,Catherine Holland,heidigray@williams.com,2025-05-30,South
CUST1828,Gregory Collins,sandraharvey@farley.net,2025-07-06,East
CUST1829,Melissa Lopez,reginacain@gmail.com,2023-10-08,West
CUST1830,Kirk Johnson,pattycowan@hotmail.com,2024-03-24,North
CUST1831,Christine Oneal,austin26@martinez-tran.com,2025-04-03,North
CUST1832,Nancy Hahn,michael56@yahoo.com,2024-10-15,East
CUST1833,Andrea Patel,jlee@yahoo.com,2024-10-12,West
CUST1834,Michele Johnson,wandagray@hotmail.com,2024-01-03,North
CUST1835,Melissa Murphy,castanedaryan@graham-lopez.com,2025-04-27,West
CUST1836,Darin Ford,simmonslauren@hernandez-wilson.com,2025-06-26,East
CUST1837,James Hill,joneschristina@yahoo.com,2025-06-16,North
CUST1838,Natalie Daniels,stephanie97@gmail.com,2025-06-06,West
CUST1839,Sandra Jones,griffithpaige@klein-riley.com,2025-06-10,North
CUST1840,Robert Kelly,stonekaren@yahoo.com,2025-04-15,East
CUST1841,Diane Schultz,bwatts@yahoo.com,2025-05-12,West
CUST1842,John Freeman,lambertjoseph@watkins.net,2024-12-02,North
CUST1843,Kelly Schmidt,udiaz@hamilton.biz,2025-02-09,East
CUST1844,Anne Johnson,millerpaula@yahoo.com,2023-10-05,North
CUST1845,Amber Yates,wisechristina@yahoo.com,2024-05-08,North
CUST1846,John Williams,lloyddana@yahoo.com,2023-12-09,South
CUST1847,Joseph Dominguez,andrewgraham@wolf-robinson.info,2023-08-24,South
CUST1848,Dawn Huber,fuentesbrenda@edwards.com,2023-12-18,East
CUST1849,Andrew Martin,kristinawilliams@hotmail.com,2024-04-18,South
CUST1850,Valerie Taylor,mark35@lang.com,2023-12-07,East
CUST1851,Michael Rose,mackenzie34@larson-robinson.com,2023-10-10,South
CUST1852,Paul Rush,danieljordan@gmail.com,2025-06-15,North
CUST1853,Amber Burke,jackwhite@hotmail.com,2024-11-13,East
CUST1854,Nicholas Gonzales,austinbrown@gmail.com,2023-08-13,East
CUST1855,Monica Carrillo,michael67@hopkins.info,2024-04-28,North
CUST1856,Patricia Jenkins,phyllisdecker@gmail.com,2023-09-04,East
CUST1857,Leroy Miller,vhuynh@gmail.com,2024-12-12,East
CUST1858,Jose Collins,rachaelking@ray-welch.org,2024-04-25,South
CUST1859,Michael Hogan,paul17@montgomery.net,2024-06-07,East
CUST1860,Harold Johnson,rodriguezlauren@levy.com,2024-10-15,West
CUST1861,Rebecca Delgado,perezcatherine@gmail.com,2024-02-14,North
CUST1862,Joshua Yang,kryan@schwartz.com,2023-11-16,South
CUST1863,Jason Ward,john18@yahoo.com,2024-09-09,South
CUST1864,Sarah Smith,jon95@yahoo.com,2023-12-26,West
CUST1865,Aaron Lin,meyerkelly@reed-mason.com,2024-05-14,North
CUST1866,Emily Snyder,riosandrew@schultz.biz,2023-11-13,North
CUST1867,Timothy Hill,barneswilliam@hotmail.com,2024-10-28,South
CUST1868,Cesar Hunter,amberhammond@gmail.com,2024-11-14,East
CUST1869,Stephen Kelley,yubrandon@williams-davis.com,2024-02-21,South
CUST1870,Laura Ramos,vwalsh@norman.com,2023-12-15,North
CUST1871,Maria Mckee,madeline15@gmail.com,2023-12-13,West
CUST1872,Justin Kennedy,michaelhutchinson@hotmail.com,2024-02-04,South
CUST1873,Kristin Hicks,rhammond@hotmail.com,2025-03-03,North
CUST1874,Christopher Weiss,cgarrett@hotmail.com,2025-01-10,South
CUST1875,Kelly Baldwin,eatonlisa@hotmail.com,2023-11-26,East
CUST1876,Monica Gonzalez,kristiewebb@hotmail.com,2025-05-08,South
CUST1877,Christopher Walker,bray@gmail.com,2024-11-09,South
CUST1878,Melissa Norton,hdavid@wood.com,2023-11-09,North
CUST1879,Lori Hull,jomedina@spencer.com,2023-11-30,North
CUST1880,David Cobb,jerry61@wilcox-scott.org,2024-04-15,North
CUST1881,Jeffrey Williams,wtaylor@hotmail.com,2025-06-15,South
CUST1882,Daniel Powell,xkennedy@hotmail.com,2023-09-09,East
CUST1883,Joshua Taylor,alexphillips@hotmail.com,2024-11-26,West
CUST1884,Kristina Morrow,jessica90@hall.com,2024-08-01,West
CUST1885,Renee Brooks,mario41@ball.com,2024-05-24,North
CUST1886,Michelle Graves,figueroaangela@yahoo.com,2025-04-30,North
CUST1887,Jordan Watkins,johnsonraymond@gmail.com,2024-08-16,South
CUST1888,Michael Russell,mray@gmail.com,2024-03-29,West
CUST1889,Amanda Turner,sashley@hotmail.com,2024-02-26,North
CUST1890,Laura Allison,wpruitt@rodriguez.com,2025-04-30,East
CUST1891,Pamela Walker,zsimmons@gmail.com,2025-04-20,East
CUST1892,Dominique Bailey,moorecourtney@christensen.biz,2024-10-12,North
CUST1893,Kenneth Sellers,joelmathis@young.info,2024-07-04,North
CUST1894,Sarah Adams,amberfleming@ball.info,2025-03-08,West
CUST1895,Gabriel Pierce,thomasgray@taylor.com,2025-03-01,West
CUST1896,Michael Bird,gordonisaac@hotmail.com,2023-12-10,South
CUST1897,Autumn Johnson,jacquelinekidd@yahoo.com,2025-03-13,West
CUST1898,Benjamin Peters,cobbpaul@gmail.com,2024-09-29,East
CUST1899,Allison Cordova,christina22@strickland.com,2024-03-31,East
CUST1900,Gregory Monroe,normawise@tyler-ortega.org,2025-04-28,North
CUST1901,Pamela Zavala,jamesalexander@james.com,2024-09-14,West
CUST1902,Jordan Stone,millerrobert@cunningham.com,2025-03-26,South
CUST1903,Colton Blankenship,iperez@gmail.com,2024-08-13,East
CUST1904,Joshua Flynn,monroejason@hotmail.com,2025-06-15,East
CUST1905,Angela Vaughn,john22@hodges-ramirez.com,2024-01-30,South
CUST1906,Angelica Roth,gregoryhouston@castaneda.org,2025-07-01,South
CUST1907,Jason Gallegos,kellydaniel@hotmail.com,2024-11-05,East
CUST1908,Ann Guerrero,lambmark@salas.com,2023-12-17,East
CUST1909,Matthew Gonzalez,lesliedavis@woods-ellis.com,2023-09-28,South
CUST1910,Gabriela Ellis,michaelmorris@hotmail.com,2024-09-02,East
CUST1911,Robert Martinez,murraymichael@yahoo.com,2024-01-06,North
CUST1912,Veronica Thompson,jessethomas@hotmail.com,2023-10-25,North
CUST1913,Vanessa Blanchard,rrosario@hotmail.com,2025-05-01,South
CUST1914,Cheryl Rodgers,angelsilva@watson.net,2025-06-03,West
CUST1915,Marcus Peters,daviscynthia@hotmail.com,2024-04-18,South
CUST1916,Lori Klein,pachecodavid@thomas-murray.com,2025-03-19,South
CUST1917,Rebecca Diaz,sharon58@hotmail.com,2024-03-19,West
CUST1918,Marissa Gonzalez,joshua52@yahoo.com,2024-06-18,West
CUST1919,Zachary Smith,terrymichael@johnson.com,2025-02-22,West
CUST1920,Joel Pennington,wmaldonado@robinson.net,2025-04-26,North
CUST1921,Jose White,showard@hotmail.com,2024-09-10,East
CUST1922,Frank Robinson,boydvickie@lee-nelson.com,2025-05-28,North
CUST1923,Christopher Bishop,tmichael@phillips.biz,2024-10-04,East
CUST1924,Christina Austin,atkinsbryan@booker.com,2024-07-08,North
CUST1925,Shannon Norris,crystal65@stewart.net,2024-09-11,East
CUST1926,Donna Kerr,maryanderson@le.com,2024-10-21,North
CUST1927,Robert Williams,deborah45@gmail.com,2024-03-30,West
CUST1928,Timothy Garrett,benjaminturner@gmail.com,2025-04-13,South
CUST1929,Charles Smith,patrick93@hotmail.com,2023-08-31,North
CUST1930,Matthew Henry,mcdonaldnicole@brown-lopez.net,2024-09-25,East
CUST1931,Ryan Haley,mendozascott@yahoo.com,2025-05-26,West
CUST1932,Brandon Johnson,williamspaul@hotmail.com,2024-12-27,North
CUST1933,Angela Carter,keithmclaughlin@yahoo.com,2023-07-24,North
CUST1934,Paul Henderson,jacknorman@yahoo.com,2024-09-30,West
CUST1935,Logan Santos,gbecker@graves.net,2024-12-01,North
CUST1936,Scott Taylor,mcgrathjason@washington.info,2024-09-05,South
CUST1937,Mary Solis,mary85@woods-garcia.com,2023-10-28,North
CUST1938,Timothy Chandler,carlosthompson@yahoo.com,2024-01-27,South
CUST1939,Robert Jenkins,xlee@hotmail.com,2023-11-30,South
CUST1940,Brianna Walton,vincentbryan@hamilton.info,2024-01-04,West
CUST1941,Rachel Myers,nathantorres@hotmail.com,2023-08-04,North
CUST1942,Andrew Nolan,tammy39@jones.com,2025-05-23,West
CUST1943,Richard Rich,emay@gmail.com,2024-07-02,North
CUST1944,Susan Peterson,justinmatthews@savage.net,2024-12-18,North
CUST1945,Kimberly Torres,erobinson@hotmail.com,2024-05-22,East
CUST1946,Heidi Morgan,shannonanderson@clark-finley.biz,2024-04-20,North
CUST1947,Sandra Roberts,watersangela@walker-miller.info,2025-03-18,West
CUST1948,Michael Olson,scottburns@hotmail.com,2025-02-01,South
CUST1949,Melissa Hall,misty75@stewart-mcgrath.com,2024-11-13,North
CUST1950,Timothy Bell,cartermark@moore.com,2023-10-02,East
CUST1951,Terrence Brown,amystewart@guerra.com,2024-06-05,West
CUST1952,Michael Holt,ayoung@newton.com,2024-10-02,North
CUST1953,Laura Barton,rebeccaprice@yahoo.com,2024-11-23,West
CUST1954,Christopher Patterson DVM,lisasanders@gmail.com,2024-04-23,East
CUST1955,Andres Kaiser,christina69@hotmail.com,2023-10-25,East
CUST1956,Jennifer Nichols MD,larry27@jordan.com,2023-12-08,West
CUST1957,Ryan Holt,mercerkatherine@yahoo.com,2023-11-07,North
CUST1958,Karla Palmer,frederickpowers@deleon.com,2024-08-10,South
CUST1959,Jessica Harper,hernandezmary@hart.com,2023-12-12,East
CUST1960,Jason Dorsey,smiththeodore@reeves.net,2025-03-05,North
CUST1961,Theresa Bell,matthew48@hotmail.com,2024-07-29,North
CUST1962,Mark Patrick,kayla98@johnson-cooper.com,2024-08-21,South
CUST1963,Courtney Miller,alvarezrichard@gmail.com,2023-08-22,East
CUST1964,Alexandria Simon,wandavelazquez@yahoo.com,2024-12-22,East
CUST1965,Luis Powell,birdteresa@yahoo.com,2024-02-19,North
CUST1966,Rhonda Wilcox,william79@hotmail.com,2025-04-01,North
CUST1967,Eric Morales,whitejoshua@hotmail.com,2024-07-12,South
CUST1968,Heidi Fisher,ugeorge@webster.net,2024-05-31,South
CUST1969,Brooke Hoffman,weaverrichard@gmail.com,2023-08-19,East
CUST1970,Ryan Elliott,gchapman@griffin-archer.com,2023-12-27,West
CUST1971,Donald Odonnell,walltyler@garcia-anderson.com,2024-09-26,East
CUST1972,Kelly Mejia,mnunez@grant.com,2025-02-07,North
CUST1973,Alyssa Carroll,danielsalas@lowe-baker.com,2025-06-15,East
CUST1974,Maurice Santiago,donald31@gmail.com,2024-07-22,West
CUST1975,Diane Garcia,whiteamanda@gmail.com,2023-10-27,South
CUST1976,Robert Dixon,barbara70@hotmail.com,2025-06-14,West
CUST1977,Brandon Hall,robinwilkins@davis-russell.info,2023-08-07,West
CUST1978,Shawn Parker,bradley53@yahoo.com,2025-03-17,West
CUST1979,Randy Ayala,beverlygreen@gmail.com,2024-10-16,South
CUST1980,Daniel Schmitt,geraldramos@hotmail.com,2024-12-02,West
CUST1981,Joshua Johns,ymorris@taylor.biz,2024-08-24,West
CUST1982,Shannon Lane,jeremy69@patterson.info,2023-09-24,West
CUST1983,Sarah Preston,pmendez@hotmail.com,2024-07-25,North
CUST1984,Lisa Davis,carriewhite@hotmail.com,2025-06-23,West
CUST1985,Karen Hicks,moorebrett@christensen.com,2024-12-11,South
CUST1986,Kevin Soto,lsampson@gmail.com,2024-04-23,West
CUST1987,April Mueller,jkennedy@williams.com,2023-09-22,West
CUST1988,Zachary Williams,gsmith@hotmail.com,2024-10-18,South
CUST1989,David Miller,diane06@gmail.com,2024-03-09,West
CUST1990,Michael Garner,rileydaniel@yahoo.com,2024-09-27,South
CUST1991,Jordan Underwood,courtneylee@collins.biz,2024-11-19,West
CUST1992,Stephanie Ramos,warrensue@yahoo.com,2023-11-08,South
CUST1993,Victor Ortega,brooke92@yahoo.com,2024-04-28,West
CUST1994,Larry Salinas,jessica54@yahoo.com,2023-07-26,West
CUST1995,Kristen Schroeder,rmullins@yahoo.com,2025-03-16,North
CUST1996,Jade Johnson,ahorn@delacruz-hill.com,2025-03-01,North
CUST1997,Marie Daniels,mcclainvanessa@moore-wright.com,2025-06-03,West
CUST1998,Maureen Archer,vpage@yahoo.com,2024-10-25,West
CUST1999,Kaitlin Washington,bstevens@blake-hale.org,2024-06-06,East
